bill_id,act_number
66759,229-20
66774,242-20
66775,243-20
66776,105-20
66778,106-20
66779,244-20
67368,411-20
67369,346-20
67419,345-20
67497,412-20
67512,413-20
67550,414-20
67635,415-20
67645,416-20
67652,449-20
67653,450-20
67654,451-20
67678,452-20
67724,508-20
67774,577-20
67775,578-20
67776,579-20
67790,523-20
67851,580-20
67878,581-20
67907,582-20
67908,583-20
68023,631-20
68025,584-20
68038,560-20
68037,660-20
68039,585-20
68215,661-20
68896,707-20
69103,854-20
69149,855-20
69150,856-20
69151,857-20
69152,858-20
69153,859-20
69154,860-20
69155,861-20
69329,880-20
69383,1035-20
69420,1036-20
69429,995-20
69470,1096-20
69471,826-20
69472,827-20
69549,1097-20
69566,996-20
69649,991-20
69650,1868-20
69657,992-20
69665,997-20
69672,825-20
69678,2061-20
69697,993-20
69867,998-20
69895,994-20
69979,1098-20
70051,1037-20
70058,1038-20
70059,1039-20
70162,1099-20
70174,2275-20
70266,1823-20
70271,1302-20
70317,1238-20
70332,1300-20
70420,1234-20
70445,1235-20
70545,1236-20
70546,1237-20
70632,1100-20
70743,2276-20
70764,1551-20
70776,1301-20
70805,1545-20
71040,1824-20
71128,1548-20
71129,1543-20
71176,1544-20
71305,2301-20
71310,1825-20
71416,1550-20
71518,1546-20
71577,1549-20
71578,1547-20
71613,1522-20
71705,2062-20
71712,1552-20
71757,2302-20
71853,1663-20
71887,2402-20
71988,1729-20
72021,1673-20
72068,1826-20
72084,1645-20
72202,1644-20
72272,1827-20
72288,1891-20
72290,1828-20
72289,1647-20
72325,1606-20
72326,1607-20
72328,1608-20
72338,1609-20
72448,1908-20
72490,1829-20
72565,1830-20
72674,2064-20
72873,1926-20
72874,1867-20
72875,2339-20
72980,1925-20
73078,2340-20
73148,2341-20
73163,2342-20
73172,2143-20
73230,2066-20
73231,2063-20
73232,2399-20
73346,1963-20
73430,2400-20
73535,2232-20
73544,2303-20
73625,2233-20
73628,2025-20
73732,2067-20
74156,2274-20
74186,2277-20
74204,2304-20
74205,2673-20
74213,2299-20
74218,2278-20
74279,2401-20
74280,2403-20
74301,2300-20
74357,2398-20
74391,2319-20
74442,2674-20
74506,2854-20
74507,2477-20
74592,2828-20
74596,2855-20
74742,2783-20
74771,2589-20
74802,2554-20
74803,2555-20
74874,2590-20
74875,2856-20
74919,2634-20
75015,2743-20
75056,2853-20
75105,2784-20
75128,2741-20
75129,2744-20
75130,2745-20
75155,2793-20
75204,2857-20
75360,2948-20
75361,2949-20
75527,2900-20
75557,2926-20
66525,1174-20
66527,963-20
66526,296-20
66529,819-20
66531,340-20
66522,473-20
66506,233-20
66507,249-20
66495,376-20
66494,377-20
67145,235-20
67146,236-20
67077,234-20
66457,372-20
66444,409-20
66449,165-20
66447,166-20
66556,164-20
66330,870-20
67147,237-20
66333,463-20
66405,232-20
66431,205-20
66539,208-20
66564,474-20
66560,370-20
66562,371-20
66568,1182-20
67171,238-20
67172,239-20
66359,250-20
67252,240-20
66491,286-20
66552,1320-20
67965,634-20
66547,309-20
67914,441-20
68913,629-20
66668,385-20
66934,167-20
66982,169-20
66849,396-20
66974,168-20
66929,400-20
66234,1-20
66235,3-20
66236,19-20
66237,2-20
66238,18-20
66239,26-20
66251,193-20
66867,82-20
66252,187-20
66881,40-20
66933,119-20
66253,198-20
66796,88-20
66255,133-20
66836,72-20
66240,39-20
66598,28-20
67399,434-20
66599,29-20
66604,32-20
66602,33-20
67720,488-20
66243,21-20
66246,22-20
66245,10-20
66244,11-20
66248,7-20
66247,8-20
66249,9-20
66258,100-20
66864,41-20
66260,142-20
66868,83-20
66601,34-20
66596,35-20
67398,435-20
66259,140-20
66866,65-20
66261,73-20
66264,263-20
66865,53-20
66266,113-20
66883,48-20
66265,4-20
66309,5-20
66722,196-20
66845,86-20
66730,206-20
66844,89-20
66279,55-20
66726,163-20
66843,84-20
66270,282-20
66870,77-20
66724,162-20
66846,91-20
66285,561-20
66829,50-20
66729,207-20
66847,85-20
66278,155-20
66815,96-20
66277,54-20
66276,141-20
66825,71-20
66274,559-20
66808,97-20
66273,102-20
66792,44-20
66281,190-20
66807,98-20
66287,156-20
66834,59-20
66721,128-20
66809,46-20
66692,145-20
66814,92-20
66716,157-20
66821,93-20
66712,159-20
66869,81-20
66315,115-20
66812,63-20
66292,130-20
66886,75-20
66289,132-20
66820,56-20
66300,139-20
66819,94-20
66284,200-20
66871,80-20
66297,111-20
66880,45-20
66296,74-20
66295,283-20
66999,146-20
66294,123-20
66750,57-20
66291,117-20
66786,49-20
67371,336-20
67153,203-20
66304,124-20
66751,58-20
66723,79-20
66299,112-20
66850,62-20
66298,143-20
66817,95-20
66301,116-20
66811,64-20
66303,129-20
66810,47-20
66308,76-20
66307,114-20
66816,43-20
66306,20-20
66579,12-20
66578,6-20
66310,101-20
66882,42-20
66313,199-20
66835,60-20
66314,78-20
66316,107-20
66803,51-20
66720,122-20
66852,61-20
66320,25-20
66324,23-20
66325,24-20
66384,891-20
67510,493-20
66380,1201-20
67345,491-20
67230,246-20
67194,222-20
67193,223-20
67126,288-20
66432,224-20
66920,284-20
67075,209-20
67026,247-20
67143,225-20
67025,227-20
67954,1054-20
67955,567-20
67619,429-20
68221,1193-20
66500,430-20
67335,350-20
66502,431-20
67536,351-20
66913,147-20
66903,465-20
66971,310-20
66520,466-20
67534,311-20
66580,13-20
66581,14-20
66582,15-20
66583,16-20
66584,17-20
66591,775-20
67160,505-20
66595,144-20
66889,134-20
66607,160-20
66890,127-20
66603,161-20
66891,131-20
66608,202-20
66895,135-20
66609,324-20
66898,126-20
66611,378-20
66839,154-20
66853,294-20
67104,215-20
66614,30-20
66624,785-20
68222,662-20
66639,1176-20
70200,982-20
68772,603-20
66647,851-20
67157,228-20
66652,158-20
66879,109-20
66653,138-20
66910,110-20
68792,1785-20
66656,149-20
67121,289-20
68129,503-20
66661,681-20
67253,379-20
66905,329-20
67119,219-20
67258,354-20
67259,275-20
66892,1489-20
67124,290-20
69435,949-20
66685,1637-20
67195,220-20
71702,1415-20
66687,1989-20
68575,709-20
67024,226-20
67001,148-20
66705,645-20
67321,362-20
66860,313-20
67474,506-20
66734,103-20
66744,37-20
66745,38-20
66746,67-20
66747,68-20
66748,69-20
66749,70-20
66755,832-20
68032,716-20
66758,36-20
66805,52-20
67198,218-20
67348,269-20
67404,292-20
67414,301-20
67516,306-20
67529,328-20
67549,337-20
67561,356-20
67633,363-20
67656,384-20
66884,99-20
67722,393-20
67732,417-20
67879,433-20
67883,458-20
67940,461-20
67941,476-20
66909,108-20
66925,125-20
66976,136-20
67068,191-20
67090,192-20
67141,213-20
66760,322-20
67244,230-20
66763,323-20
67261,231-20
66772,1907-20
67122,259-20
66781,305-20
67073,204-20
66790,66-20
67603,383-20
66798,90-20
66813,104-20
66822,153-20
67158,277-20
67159,278-20
67332,380-20
67445,507-20
70164,1066-20
66841,87-20
66986,152-20
66854,293-20
67103,214-20
66873,404-20
67070,221-20
66876,212-20
66872,137-20
66893,321-20
66896,151-20
66908,120-20
66951,118-20
66912,121-20
66911,285-20
67128,210-20
66915,428-20
66916,1422-20
67069,1241-20
66921,592-20
67530,492-20
66928,150-20
66932,341-20
67256,260-20
66942,367-20
67150,276-20
67125,248-20
66944,251-20
66946,252-20
66947,253-20
67059,552-20
67213,291-20
66949,361-20
67186,268-20
69240,1271-20
69243,1272-20
66959,188-20
66962,447-20
67212,245-20
66965,348-20
67376,271-20
66970,1423-20
67263,297-20
70601,1023-20
66972,1444-20
67262,298-20
66978,405-20
68899,1194-20
66991,918-20
69033,2320-20
69563,813-20
68142,599-20
67003,241-20
67004,170-20
67005,171-20
67006,172-20
67007,173-20
67008,174-20
67009,175-20
67010,176-20
67011,177-20
67012,178-20
67013,179-20
67014,180-20
67015,181-20
67016,182-20
67017,183-20
67018,184-20
67019,185-20
67020,186-20
67021,890-20
67556,654-20
67031,330-20
67357,273-20
67032,1881-20
68909,708-20
70619,1179-20
67036,388-20
67386,312-20
67105,264-20
67161,216-20
67039,402-20
67343,279-20
67040,490-20
67723,403-20
67046,680-20
67577,408-20
67049,300-20
67052,266-20
67060,703-20
67461,495-20
67061,619-20
67063,815-20
67270,496-20
67064,816-20
67271,501-20
67238,272-20
67079,390-20
67397,317-20
67085,194-20
67086,195-20
67092,211-20
67333,338-20
67107,686-20
67355,334-20
67111,711-20
67377,375-20
67114,265-20
67120,217-20
67117,738-20
67558,401-20
67682,768-20
67683,398-20
67864,464-20
67131,395-20
67578,343-20
67132,1586-20
70593,1032-20
67354,335-20
67425,374-20
67164,392-20
67237,274-20
67165,318-20
67374,303-20
67167,366-20
67174,267-20
67180,254-20
67181,255-20
67182,262-20
67280,319-20
67187,460-20
67390,316-20
67189,1027-20
67643,494-20
67191,391-20
67565,320-20
67702,373-20
67402,440-20
67495,315-20
67203,381-20
67204,1643-20
68900,625-20
67206,327-20
67208,1646-20
68112,1208-20
67217,693-20
67426,349-20
67218,410-20
67535,355-20
67221,556-20
67435,444-20
67227,261-20
67344,281-20
67235,1684-20
67511,509-20
70594,1215-20
68898,1195-20
67241,256-20
67242,257-20
67243,258-20
67245,425-20
67504,333-20
67291,314-20
67405,299-20
67251,325-20
67255,2982-20
67996,699-20
67268,554-20
67496,339-20
67272,613-20
68683,565-20
67284,454-20
67287,643-20
67605,502-20
67296,719-20
68730,573-20
69424,915-20
67781,637-20
69830,874-20
67301,427-20
67309,302-20
67310,280-20
67485,808-20
67486,342-20
68824,594-20
67316,270-20
67317,406-20
67895,912-20
67896,470-20
69577,814-20
67588,368-20
67897,809-20
67898,471-20
67587,369-20
67338,1473-20
70976,1136-20
67341,287-20
67342,365-20
67646,386-20
67350,407-20
67356,304-20
67358,759-20
68925,624-20
67361,776-20
67760,446-20
67364,421-20
67502,332-20
67365,644-20
67759,432-20
67373,399-20
67372,295-20
67375,382-20
67389,344-20
68258,927-20
67410,942-20
67984,655-20
67416,1127-20
67420,817-20
67784,445-20
67415,418-20
67503,331-20
67418,1060-20
67519,636-20
69469,762-20
68235,695-20
67432,453-20
69846,1057-20
68647,717-20
67469,394-20
67513,347-20
67467,469-20
67693,423-20
67468,2465-20
67913,694-20
67470,646-20
67903,442-20
68827,608-20
67472,326-20
67481,524-20
67666,480-20
67491,360-20
67492,307-20
67493,308-20
67506,671-20
67684,397-20
68086,489-20
67508,2657-20
67770,772-20
67521,612-20
67699,448-20
67527,786-20
67715,424-20
67533,1093-20
67542,352-20
67546,353-20
67552,531-20
67861,443-20
67553,532-20
67863,459-20
67554,475-20
67555,456-20
67557,455-20
67563,357-20
67564,358-20
67572,1850-20
68125,688-20
72532,1671-20
67576,426-20
68391,635-20
67600,364-20
68492,590-20
68493,551-20
67607,422-20
67606,457-20
67630,849-20
68083,663-20
67631,436-20
67738,419-20
67636,697-20
68876,1269-20
67647,482-20
67649,683-20
68980,1270-20
67664,387-20
67670,389-20
67674,911-20
68166,698-20
68239,611-20
67679,499-20
67691,420-20
67740,562-20
67891,478-20
67742,600-20
68236,563-20
67744,2075-20
68685,701-20
67750,468-20
67751,467-20
69128,1273-20
67769,483-20
67777,1441-20
69379,833-20
67786,621-20
67789,943-20
68367,595-20
68257,617-20
69090,1430-20
68066,913-20
69353,2849-20
69354,2548-20
68021,623-20
68188,657-20
67814,1231-20
68161,766-20
68189,658-20
68169,656-20
67817,850-20
68256,618-20
69207,1535-20
72356,1659-20
67843,1798-20
67846,481-20
67849,472-20
67860,439-20
67865,622-20
67866,437-20
67867,438-20
68237,773-20
67882,1240-20
68242,1759-20
67894,462-20
67904,497-20
67911,477-20
67922,498-20
68771,702-20
71652,1613-20
67931,486-20
67932,487-20
68741,570-20
67939,484-20
69441,1274-20
67943,500-20
70478,1196-20
67949,642-20
68962,616-20
67962,620-20
68623,615-20
67991,566-20
68013,679-20
68781,597-20
68033,485-20
68310,520-20
68874,610-20
68992,638-20
69047,666-20
69052,682-20
69146,687-20
69163,710-20
69190,721-20
69212,735-20
69295,741-20
69384,743-20
68324,525-20
69461,754-20
69477,767-20
69568,803-20
68408,529-20
68499,538-20
68660,564-20
68729,569-20
68773,586-20
68826,589-20
68860,626-20
68036,521-20
69709,930-20
69961,914-20
69711,971-20
69712,972-20
69714,1212-20
70114,986-20
69199,1245-20
68745,630-20
69025,761-20
68059,1089-20
68646,700-20
70499,1011-20
68056,522-20
69985,916-20
69346,878-20
69731,950-20
68903,999-20
68088,511-20
69741,1258-20
69747,1016-20
70377,947-20
69751,946-20
70118,1058-20
68109,1319-20
70120,1059-20
69026,901-20
69760,828-20
69821,863-20
70555,1010-20
70591,1048-20
70600,1068-20
70663,1076-20
70677,1084-20
70721,1122-20
70894,1129-20
70934,1144-20
70961,1152-20
69916,881-20
69942,882-20
70069,923-20
70095,929-20
70209,936-20
70301,938-20
70326,955-20
70439,1003-20
71223,1275-20
69765,883-20
68122,1256-20
69880,983-20
68132,821-20
68146,571-20
68159,1026-20
69787,837-20
69331,1150-20
69332,866-20
70083,1265-20
71875,1680-20
71033,1264-20
68204,905-20
69233,834-20
68208,512-20
68209,513-20
68211,831-20
68951,734-20
68943,1760-20
68225,1025-20
68985,675-20
70132,1479-20
68260,1219-20
68580,557-20
68733,575-20
70691,1101-20
68689,788-20
68285,526-20
68293,1171-20
68798,664-20
68294,514-20
68305,515-20
68307,517-20
68306,518-20
68308,519-20
68309,516-20
68316,1021-20
69960,899-20
68333,528-20
68334,527-20
68337,641-20
68721,705-20
70244,1151-20
68802,627-20
69385,763-20
68861,606-20
68921,1865-20
68966,1255-20
68392,534-20
68397,530-20
68402,533-20
68398,535-20
68406,537-20
68405,536-20
68410,674-20
68425,706-20
69125,1172-20
68444,659-20
68452,548-20
68473,539-20
69039,722-20
68490,541-20
68479,540-20
68481,558-20
68508,542-20
68482,543-20
68483,544-20
68570,553-20
68521,547-20
68486,545-20
68488,546-20
68574,924-20
68496,704-20
68497,549-20
68498,550-20
68504,985-20
68836,879-20
68523,691-20
68765,602-20
68525,781-20
68527,875-20
68817,774-20
68785,632-20
68550,720-20
68810,601-20
68554,1206-20
68922,718-20
68557,609-20
68556,555-20
68562,728-20
68830,604-20
68724,591-20
68740,572-20
68800,665-20
69116,898-20
70446,1190-20
68605,729-20
69027,650-20
68607,730-20
69015,651-20
68613,685-20
68862,598-20
68835,605-20
70346,1592-20
68833,696-20
68619,568-20
68687,1701-20
70651,1221-20
68625,2655-20
68923,649-20
70977,1396-20
70978,1257-20
69113,876-20
68641,954-20
68757,588-20
68643,692-20
68812,607-20
68649,587-20
69131,1055-20
68652,731-20
68873,596-20
68653,574-20
68678,678-20
68879,614-20
68680,576-20
68681,647-20
68682,653-20
68684,1518-20
70270,1049-20
70560,1180-20
68717,673-20
69422,840-20
68746,1750-20
71189,1321-20
68753,1141-20
68755,593-20
68760,852-20
68761,733-20
69018,648-20
68775,2077-20
68778,639-20
68779,1502-20
69444,981-20
68806,676-20
68825,732-20
68832,1965-20
70506,1324-20
68834,2073-20
69238,842-20
68837,1660-20
69432,845-20
68838,1661-20
69434,846-20
68847,805-20
69021,672-20
68848,1030-20
68996,760-20
69142,771-20
71028,1205-20
69087,713-20
69891,869-20
68859,1183-20
69969,1012-20
68865,1520-20
69094,782-20
69742,1246-20
68877,1875-20
69328,796-20
72159,1639-20
72242,1553-20
68883,726-20
69063,684-20
68884,677-20
68885,633-20
68886,652-20
69691,1507-20
68911,1259-20
69431,836-20
68912,1758-20
69923,1014-20
68917,640-20
68927,1311-20
68956,910-20
69093,787-20
68959,853-20
68960,1357-20
69850,885-20
68987,892-20
70686,1197-20
68998,1477-20
69381,1015-20
69003,1685-20
69523,958-20
69004,1095-20
69394,926-20
69008,770-20
69010,667-20
69011,668-20
69012,669-20
69014,736-20
69029,1020-20
69392,830-20
69030,670-20
69454,756-20
69042,862-20
69043,1605-20
70192,1327-20
71365,1330-20
69045,2858-20
69511,867-20
69301,1266-20
69056,893-20
69060,1135-20
69170,727-20
69062,907-20
69326,794-20
69283,904-20
69296,783-20
70572,1198-20
69085,1217-20
69400,844-20
71043,1329-20
69099,1019-20
70068,928-20
69101,1328-20
69882,959-20
69107,712-20
69109,737-20
69110,2074-20
70278,1031-20
69111,847-20
69117,895-20
69118,714-20
69119,1028-20
69120,715-20
69990,1061-20
69122,1062-20
69129,931-20
69197,798-20
69978,894-20
69485,877-20
69132,807-20
70129,1009-20
70406,940-20
69841,917-20
69134,1111-20
69135,1102-20
69136,1112-20
69140,1115-20
69525,906-20
69138,810-20
69299,753-20
69706,873-20
69710,823-20
69455,755-20
69144,723-20
69145,689-20
69147,2620-20
70731,1899-20
69148,751-20
73205,2007-20
69161,1053-20
69297,750-20
69160,725-20
69165,749-20
69166,1033-20
69169,724-20
72556,2763-20
72706,1817-20
69180,2026-20
70469,1247-20
72279,1560-20
69186,2230-20
73042,1921-20
69187,989-20
69196,941-20
69804,841-20
69201,777-20
69204,1401-20
70188,1013-20
69209,769-20
69210,739-20
69211,740-20
69224,797-20
70949,1629-20
70950,1307-20
69497,984-20
69229,757-20
69234,1599-20
71440,1433-20
70470,1169-20
69451,900-20
69244,1414-20
69364,820-20
69246,764-20
69247,758-20
69248,745-20
70674,2049-20
69266,744-20
69267,2904-20
69270,806-20
69275,1977-20
69489,812-20
69279,1534-20
70336,1170-20
69280,1582-20
69749,902-20
69300,1187-20
70143,1091-20
69971,1303-20
69308,1116-20
69578,818-20
70565,1018-20
69309,1293-20
69789,871-20
69310,1294-20
69788,872-20
69323,789-20
69321,779-20
69322,778-20
69330,747-20
69335,2255-20
71597,1394-20
69334,746-20
69341,1665-20
69924,987-20
69342,784-20
70452,1612-20
69345,748-20
69363,742-20
69368,1974-20
70327,1672-20
69372,2154-20
70645,1191-20
69375,792-20
70213,1163-20
69576,811-20
69402,795-20
69410,865-20
69411,765-20
69412,780-20
69414,1214-20
69927,988-20
69413,829-20
69417,1889-20
72090,1501-20
69418,1630-20
70865,1160-20
69446,896-20
69459,802-20
69473,848-20
69481,800-20
69482,962-20
69790,889-20
69480,801-20
69492,799-20
72167,1876-20
69510,2758-20
74931,2610-20
70573,1199-20
69527,2008-20
70509,1295-20
69539,1113-20
70355,951-20
69540,1000-20
70039,1051-20
69550,1506-20
70409,961-20
69632,1604-20
70738,1185-20
69572,1292-20
69883,960-20
69575,1120-20
69772,838-20
69579,835-20
69580,1094-20
69820,886-20
70335,1200-20
69597,1367-20
70597,1133-20
69603,1417-20
70023,957-20
69618,1578-20
70047,1056-20
69873,952-20
69634,1723-20
70122,1161-20
69708,1888-20
70049,1181-20
69646,1024-20
70094,925-20
69648,822-20
69651,1499-20
69652,953-20
69656,1726-20
70050,1232-20
69829,839-20
69676,948-20
69947,888-20
69679,1416-20
70021,1090-20
69682,1175-20
70140,956-20
69684,1892-20
69686,909-20
69831,868-20
69690,824-20
69692,884-20
69938,1082-20
70310,980-20
71374,1299-20
71184,1361-20
69793,864-20
69818,1376-20
69824,1788-20
70505,1260-20
69825,968-20
69826,2689-20
70620,1309-20
69827,2690-20
70202,1310-20
69838,1213-20
70070,945-20
69854,920-20
69863,1117-20
70045,1459-20
69866,903-20
69874,887-20
69893,897-20
69896,2601-20
70495,1188-20
69898,1103-20
69905,921-20
69908,973-20
70454,1142-20
69922,1156-20
69937,1086-20
70574,1063-20
70093,933-20
70337,1081-20
70341,979-20
70308,974-20
69949,908-20
69965,1556-20
70212,1077-20
69966,922-20
69967,932-20
69975,1664-20
70656,1262-20
70002,1006-20
70333,964-20
70003,1005-20
70378,965-20
69989,919-20
69999,978-20
69998,1052-20
70344,977-20
70007,2322-20
70085,976-20
70012,1044-20
70014,990-20
70025,2573-20
70187,1207-20
70041,1046-20
70043,2179-20
70668,1528-20
70646,1623-20
70062,1366-20
70599,1134-20
70063,969-20
70064,1045-20
70621,1440-20
70075,970-20
70530,1230-20
71876,1480-20
71161,1305-20
70082,935-20
70112,1525-20
70316,1248-20
70113,1603-20
70116,1064-20
70117,2805-20
70654,1184-20
71916,1496-20
72765,1898-20
71163,1306-20
71483,1354-20
70151,939-20
70491,1126-20
71357,1386-20
73733,2056-20
70528,1420-20
71001,1276-20
71002,1277-20
70179,1944-20
71342,1493-20
70193,2292-20
71031,1308-20
70195,1065-20
70199,937-20
71018,1168-20
70211,1714-20
71450,1411-20
70219,1349-20
70688,1137-20
70221,1192-20
70349,1338-20
71127,1244-20
70806,1339-20
73204,1878-20
70239,1887-20
71135,1337-20
70240,1687-20
70598,1243-20
70245,1047-20
70253,1034-20
70249,2391-20
70511,1431-20
71919,2202-20
70254,1104-20
70255,1105-20
70256,1106-20
70257,1107-20
70258,1108-20
70259,1109-20
70260,1110-20
70268,1998-20
70649,1138-20
70269,1999-20
70644,1139-20
70276,2215-20
71372,1460-20
70624,1325-20
70295,975-20
70298,1667-20
71143,1304-20
71454,1400-20
70405,966-20
70318,1075-20
70328,1432-20
70585,1218-20
70340,1004-20
70347,2428-20
71596,1732-20
70348,2429-20
70796,1735-20
71938,1466-20
71956,1467-20
70655,1189-20
70360,1022-20
70374,1001-20
70375,1002-20
70391,2722-20
73028,1890-20
70393,1368-20
70932,1209-20
70397,1978-20
70398,1268-20
71505,1503-20
70394,1040-20
72146,1877-20
70803,1220-20
70412,1591-20
71021,1278-20
71957,1678-20
70414,2888-20
73454,2528-20
70415,1587-20
71834,1471-20
70417,1007-20
70419,1008-20
70436,1712-20
71029,1768-20
70431,1041-20
70435,1427-20
71013,1267-20
70467,1382-20
71352,1351-20
70468,1383-20
71415,1352-20
70488,1686-20
70907,1297-20
70493,2971-20
71341,1494-20
73426,1947-20
70494,1261-20
72298,1950-20
70498,2813-20
70941,1949-20
70501,1166-20
70689,1125-20
70639,1710-20
71182,1392-20
70521,1042-20
70522,1043-20
71747,2059-20
70533,1071-20
70534,1072-20
70535,1073-20
70557,1017-20
70566,1864-20
70567,1087-20
70568,1371-20
70569,1083-20
70570,1067-20
70586,1074-20
71678,1681-20
70595,1069-20
70596,1070-20
70604,1123-20
70606,1078-20
70610,1079-20
70611,1080-20
70612,1124-20
70617,1381-20
71353,1350-20
70627,1092-20
70629,1178-20
75185,2776-20
70638,1557-20
70880,1173-20
72110,1920-20
70642,1797-20
70737,1216-20
70873,1140-20
70675,1088-20
70676,1131-20
70679,1114-20
70680,1130-20
70687,1818-20
70984,1322-20
70694,1118-20
70700,1119-20
70704,2458-20
71561,1771-20
70702,1121-20
70706,1128-20
70722,2955-20
72229,1819-20
70908,1149-20
70727,1285-20
70909,1204-20
71934,1468-20
70928,1148-20
71598,1390-20
70734,1638-20
70970,1296-20
70745,1162-20
70750,1666-20
71390,1395-20
70751,1848-20
71708,1476-20
70747,1365-20
70998,1202-20
70756,1588-20
71833,1450-20
71959,1470-20
70768,1822-20
71497,1594-20
70769,1584-20
71572,1429-20
70775,2775-20
71457,2508-20
75137,2721-20
70774,1157-20
74586,2693-20
70781,1916-20
71300,1505-20
70786,2718-20
71378,1504-20
72511,1688-20
71640,1377-20
70800,1984-20
71825,1736-20
70966,1590-20
71965,1469-20
70817,1132-20
71612,1585-20
71153,1298-20
70854,1159-20
70986,1145-20
70878,1915-20
71356,1481-20
71063,1658-20
71336,1387-20
72139,1515-20
71059,1622-20
71587,1379-20
70898,1402-20
70899,1252-20
70900,1403-20
70901,1253-20
71142,1254-20
70918,1147-20
70915,1576-20
71317,1389-20
70920,1229-20
70922,2032-20
70931,1756-20
71648,1516-20
72997,2060-20
71083,1369-20
71105,1242-20
70942,2040-20
71661,1744-20
72425,1763-20
70946,1158-20
70951,1312-20
70952,1153-20
70953,1154-20
70955,1155-20
70969,1167-20
70973,1164-20
71096,1228-20
71682,1388-20
71777,1409-20
71922,1445-20
71993,1455-20
72000,1472-20
72085,1488-20
72222,1540-20
72367,1575-20
72410,1597-20
71125,1239-20
72493,1627-20
72574,1655-20
71140,1249-20
71273,1286-20
71413,1340-20
71480,1348-20
71553,1355-20
71636,1424-20
71656,1375-20
70974,1165-20
72397,1602-20
71746,1722-20
70990,1251-20
70993,1657-20
71350,1500-20
70995,1372-20
71003,1378-20
71462,1526-20
71026,1969-20
71035,1226-20
71036,1227-20
71038,1225-20
71034,1224-20
71041,1222-20
71042,1223-20
72539,2239-20
71078,1438-20
71327,1391-20
71087,1359-20
71092,1953-20
71383,1412-20
72376,1841-20
71089,1635-20
71892,1453-20
71090,1636-20
71654,1464-20
71107,1313-20
71108,1800-20
71109,1314-20
71110,1801-20
71111,1676-20
71113,1315-20
71114,1610-20
71115,1675-20
71116,1316-20
71117,1317-20
71118,1318-20
71124,2043-20
71789,1465-20
71126,2518-20
72172,1718-20
71516,1527-20
71139,1250-20
71147,2011-20
71373,1519-20
71149,2109-20
71150,2110-20
71155,1601-20
71651,1413-20
71160,2438-20
73649,2349-20
71165,1770-20
71791,1533-20
73453,1968-20
71167,1279-20
71169,1280-20
71171,1281-20
71172,1282-20
71173,1283-20
71174,1284-20
71915,1462-20
71917,1463-20
71177,2627-20
72543,1740-20
71180,1869-20
72714,1731-20
71191,1668-20
72114,1508-20
71247,1886-20
71466,1514-20
71522,1495-20
73243,1910-20
74565,2420-20
71199,1704-20
71381,1341-20
71382,1385-20
71215,1648-20
72179,1595-20
71219,2107-20
71220,2108-20
72580,1783-20
71231,1539-20
71511,1362-20
71232,1727-20
72231,1541-20
71233,1524-20
71523,1363-20
71234,1542-20
71538,1364-20
71238,1554-20
71461,1436-20
71239,2203-20
71464,1437-20
72252,1555-20
71240,2717-20
72294,2522-20
74712,2523-20
71242,2421-20
71787,1762-20
71256,1287-20
71257,1288-20
71258,1289-20
71259,1290-20
71260,1291-20
71261,1443-20
71550,1397-20
71269,1419-20
71285,1380-20
71296,2789-20
71470,1393-20
71555,1360-20
71299,1451-20
72632,2079-20
72693,1717-20
71731,1421-20
72066,1670-20
71320,1724-20
71735,1478-20
71322,1331-20
71323,1332-20
71325,1333-20
71328,1335-20
71330,1336-20
71331,1334-20
71355,1882-20
71904,1581-20
72009,2565-20
71387,1839-20
71768,1452-20
71391,1897-20
72781,1772-20
73018,1815-20
71403,1454-20
71407,1498-20
71784,1418-20
71406,1353-20
71410,1720-20
72304,1562-20
71422,1766-20
72256,1559-20
71455,2253-20
71872,1761-20
71456,1662-20
71992,1565-20
71471,2654-20
72153,1633-20
71469,1347-20
71473,2080-20
71475,1342-20
71476,1343-20
71477,1345-20
71479,1344-20
71478,1346-20
71487,1705-20
71650,1900-20
71496,1374-20
71495,1373-20
71501,1370-20
71508,1358-20
71510,1492-20
71785,1442-20
71521,1558-20
71778,1410-20
71879,1598-20
71533,1434-20
71665,1384-20
71534,1530-20
71786,1439-20
71537,1356-20
71544,1909-20
72046,1564-20
73505,2607-20
71562,2389-20
72080,1497-20
71730,1709-20
71566,2868-20
72095,2451-20
71568,1399-20
71604,2047-20
72063,1669-20
71589,2812-20
71591,2513-20
73629,2453-20
71594,2393-20
72181,1683-20
71603,1490-20
75675,2935-20
71621,1532-20
71646,2825-20
71647,2826-20
71653,2434-20
72411,2252-20
71663,1946-20
71912,1517-20
71666,1428-20
71671,1435-20
71676,1739-20
71683,1874-20
72494,1757-20
71695,1404-20
71696,1405-20
71697,1406-20
71698,1407-20
71699,1408-20
71720,2466-20
72274,1769-20
73427,1943-20
71748,1513-20
71901,1631-20
72220,1600-20
71764,1426-20
72280,1634-20
72456,2052-20
72789,2046-20
72810,1884-20
71790,1425-20
71793,1649-20
73377,2001-20
71821,1755-20
72357,1738-20
75793,2975-20
71882,1810-20
71962,1475-20
71835,1858-20
72512,1653-20
72340,2002-20
71837,1491-20
71838,1871-20
72292,1679-20
71839,1820-20
72487,1730-20
71840,1951-20
72045,1521-20
72428,1711-20
71861,1747-20
71863,1583-20
71890,1561-20
71894,1795-20
71895,1995-20
73218,1879-20
71896,1796-20
71906,1689-20
72113,1566-20
71921,1721-20
71923,2082-20
72486,1715-20
71924,2083-20
72505,1716-20
72315,1617-20
72323,1618-20
72316,1619-20
71931,1616-20
71935,1447-20
71936,1446-20
71941,1448-20
71967,1456-20
71978,1474-20
71970,1457-20
71975,1458-20
71976,2048-20
72120,1728-20
72003,1485-20
72004,1486-20
72005,1487-20
72006,1482-20
72007,1484-20
72008,1483-20
72056,2180-20
72217,1593-20
72012,2469-20
72476,1737-20
74525,2373-20
72148,1690-20
72405,1611-20
72183,2811-20
74456,2335-20
72035,1702-20
72195,1579-20
72036,1703-20
72196,1580-20
72037,1733-20
72049,1511-20
72050,1512-20
72051,1510-20
72052,1674-20
72053,1799-20
72054,1960-20
72912,1816-20
72055,1509-20
72071,2147-20
72921,2020-20
72075,1529-20
72076,1563-20
72455,1651-20
72408,1632-20
72099,1523-20
72105,1780-20
72388,1620-20
72106,1914-20
72353,1621-20
72121,2081-20
72544,1725-20
72129,1567-20
72136,2572-20
74451,2337-20
72149,1536-20
72150,1537-20
72151,1538-20
72163,1941-20
72395,1840-20
72165,1596-20
72170,1775-20
72178,1656-20
72180,2012-20
72182,1986-20
72534,1713-20
72189,2803-20
74939,2646-20
73039,2051-20
75265,2819-20
72200,2321-20
72451,1682-20
72386,1614-20
72208,2290-20
72387,1615-20
72219,1577-20
72441,1640-20
72295,1568-20
72296,1569-20
72297,1570-20
72299,1571-20
72300,1572-20
72301,1573-20
73147,2003-20
73156,1896-20
72318,2330-20
73020,1975-20
72319,2331-20
73021,1976-20
72334,1954-20
73052,1847-20
72929,3026-20
73235,2005-20
72725,1880-20
73464,2096-20
73462,2097-20
72666,1707-20
72392,2042-20
72703,1842-20
73659,2028-20
72394,1628-20
73075,1905-20
72418,1624-20
72419,1626-20
72420,1625-20
72437,2054-20
72705,1895-20
72991,2511-20
72446,1641-20
72449,2867-20
72797,2538-20
72469,2759-20
73248,2507-20
72470,2806-20
73689,2577-20
72474,1642-20
72485,1654-20
75767,3052-20
72503,1652-20
72509,1786-20
72515,1776-20
72516,1677-20
72521,1650-20
72536,1706-20
72546,1699-20
72548,1694-20
72549,1693-20
72550,1692-20
72551,1696-20
72552,1698-20
72553,1695-20
72554,1691-20
72555,1697-20
72558,1700-20
72561,2623-20
72764,2376-20
72575,1922-20
72576,1805-20
72582,2078-20
73017,1814-20
72585,1734-20
75283,2814-20
72605,1967-20
72716,1764-20
75210,2771-20
75242,2799-20
72626,1767-20
72628,2228-20
72785,2057-20
72634,1811-20
72696,1741-20
72635,1774-20
72700,1742-20
72636,1812-20
72715,1746-20
72637,1813-20
72704,1743-20
72642,2016-20
72644,2762-20
74932,2608-20
72650,2295-20
72988,1945-20
72653,1787-20
72659,1962-20
72861,1846-20
72662,2273-20
72978,1955-20
72812,1893-20
72677,2524-20
73036,2348-20
74644,2464-20
73443,1979-20
72684,1708-20
72727,1745-20
73130,1836-20
73182,1866-20
73198,1873-20
73289,1912-20
73343,1924-20
73421,1940-20
73457,1966-20
73460,1980-20
73646,1992-20
73647,2004-20
73658,2019-20
72808,1754-20
72816,1765-20
72852,1784-20
72960,1804-20
73005,1809-20
72775,1928-20
73006,1837-20
74462,2367-20
72695,1749-20
75120,2870-20
72728,1751-20
72729,1752-20
72730,1753-20
72757,2058-20
72758,1807-20
72827,1782-20
72768,1971-20
72862,1821-20
72769,1779-20
72770,1778-20
72772,2493-20
74568,2418-20
72783,2622-20
74605,2482-20
72926,2296-20
73197,2006-20
72813,1773-20
72818,1781-20
73110,1845-20
72831,2918-20
75333,2865-20
72833,2919-20
75444,2866-20
72854,1789-20
72855,1790-20
72856,1791-20
72857,1792-20
72860,2685-20
74933,2645-20
72866,2792-20
74734,2535-20
72869,2954-20
73485,2000-20
72870,2010-20
73025,1970-20
72876,2802-20
75179,2754-20
72889,1793-20
72890,1794-20
74708,2570-20
72910,1843-20
73363,2727-20
72928,1806-20
73484,2027-20
73221,2650-20
72937,1913-20
72948,2357-20
73668,2363-20
72953,1802-20
72955,2015-20
72957,1844-20
72961,1851-20
72962,1803-20
74092,2195-20
72973,1885-20
72983,2801-20
73669,2250-20
73015,1894-20
73016,1808-20
73436,2053-20
73024,2034-20
73027,1838-20
73441,1994-20
73405,2875-20
73056,1831-20
73057,1832-20
73058,1833-20
73059,1834-20
73060,1835-20
73072,2647-20
73483,2514-20
73077,1923-20
73083,2653-20
73648,2515-20
73095,2807-20
73802,2676-20
73096,2014-20
73097,2017-20
73098,2435-20
73791,2336-20
74906,2597-20
75180,2748-20
73117,1919-20
73122,1855-20
73128,1870-20
73131,1985-20
73132,1853-20
73133,1857-20
73134,1854-20
73135,1852-20
73136,1856-20
73139,2009-20
73223,1927-20
73141,1860-20
73142,1861-20
73143,1862-20
73144,1863-20
73145,1859-20
73161,2313-20
73391,1996-20
73162,1872-20
73170,1901-20
73178,1932-20
73214,1902-20
73177,1931-20
73215,1903-20
73180,1904-20
73184,2024-20
73244,1973-20
73194,2347-20
73662,2071-20
73219,1933-20
73227,2571-20
73611,2378-20
73228,2756-20
75068,2728-20
73237,1911-20
73259,1917-20
73260,2022-20
73263,2834-20
73466,2537-20
73264,1930-20
73266,2013-20
73269,1918-20
73270,1952-20
73282,2208-20
73660,2030-20
73301,2869-20
74982,2712-20
73320,1929-20
73330,1964-20
73332,1942-20
73338,1959-20
73342,1934-20
74359,2364-20
73352,2127-20
73356,1939-20
73357,1937-20
73359,1938-20
73360,1936-20
73361,1935-20
73353,2018-20
73755,2050-20
73387,3007-20
74259,2366-20
73388,1982-20
73400,1987-20
73401,1988-20
73408,2229-20
74029,2163-20
73409,2146-20
74546,2730-20
74547,2731-20
73419,2755-20
74934,2609-20
73429,2033-20
73431,1972-20
73433,1956-20
73434,1958-20
73435,1957-20
73445,1983-20
73452,2023-20
73458,1981-20
73470,2031-20
75182,2871-20
73479,1990-20
74726,2624-20
73513,2974-20
74452,2334-20
75471,2886-20
73526,2614-20
73527,2887-20
73796,2338-20
73529,2800-20
74294,2492-20
73531,2664-20
74855,2628-20
73538,2392-20
74081,2289-20
73545,2562-20
75916,3047-20
75143,2774-20
73610,2072-20
73797,3046-20
73590,2237-20
73735,2044-20
73756,2474-20
73593,2029-20
73600,1997-20
73835,2525-20
73630,1993-20
73655,2832-20
73654,2069-20
73686,2035-20
74409,2323-20
74475,2332-20
74527,2355-20
74529,2383-20
74563,2395-20
74585,2422-20
74641,2439-20
74654,2475-20
74738,2497-20
74740,2521-20
73858,2094-20
74807,2540-20
74138,2211-20
74184,2231-20
74221,2244-20
74269,2262-20
74310,2279-20
74397,2297-20
74402,2318-20
75316,2872-20
73692,2055-20
73857,2099-20
74551,3001-20
74616,2884-20
73852,2139-20
75279,2874-20
73759,2038-20
73764,2039-20
73765,2036-20
73782,2070-20
73786,2068-20
73789,2095-20
73810,2266-20
73813,2091-20
73814,2090-20
73816,2089-20
73822,2088-20
73815,2087-20
73817,2086-20
73818,2085-20
73819,2084-20
74093,2205-20
73837,2093-20
73851,2098-20
73855,2100-20
73865,2101-20
73868,2102-20
73869,2103-20
73887,2105-20
73888,2106-20
73875,2113-20
73876,2112-20
73877,2111-20
73878,2114-20
73880,2115-20
73881,2116-20
73883,2104-20
73884,2117-20
73886,2118-20
73894,2131-20
73933,2157-20
73907,2126-20
73973,2120-20
73972,2122-20
73893,2454-20
73890,2128-20
73892,2132-20
73908,2124-20
73931,2155-20
73909,2123-20
73910,2137-20
73911,2125-20
73905,2121-20
73899,2130-20
73900,2129-20
73901,2138-20
73974,2136-20
73903,2133-20
73977,2526-20
74455,2431-20
73896,2134-20
73980,2135-20
73912,2119-20
73913,2140-20
73975,2243-20
74039,2186-20
73929,2158-20
73930,2182-20
74004,2161-20
73917,2145-20
73919,2199-20
73918,2150-20
73923,2149-20
73926,2201-20
73922,2151-20
73920,2153-20
73927,2198-20
73915,2141-20
73928,2160-20
73914,2142-20
73934,2181-20
74005,2165-20
73989,2257-20
73935,2144-20
73936,2167-20
73990,2166-20
73967,2923-20
74028,2185-20
73993,2267-20
74108,2207-20
73994,2193-20
66337,27-20
73964,2169-20
73962,2168-20
74236,2448-20
73937,2265-20
73938,2187-20
73961,2170-20
73939,2175-20
73941,2171-20
74020,2240-20
73940,2174-20
73942,2172-20
74094,2204-20
74025,2183-20
74026,2184-20
73946,2173-20
73947,2178-20
74035,2371-20
74091,2194-20
74041,2197-20
74042,2733-20
75079,2699-20
74043,2191-20
74044,2200-20
74045,2192-20
74048,2261-20
74123,2225-20
74050,2352-20
74052,3005-20
74117,2409-20
75676,2934-20
74054,2394-20
74129,2226-20
74063,2246-20
74136,2222-20
74065,2190-20
74072,2259-20
74131,2219-20
74222,2245-20
74073,2217-20
74075,2196-20
74300,2310-20
74078,2220-20
74079,2188-20
74084,2214-20
74086,2381-20
74107,2227-20
74088,2189-20
74089,2254-20
74116,2224-20
75184,2885-20
74098,2379-20
74171,2248-20
74099,2210-20
74104,2247-20
74137,2223-20
74109,2359-20
74110,2312-20
74252,2270-20
74112,2983-20
75187,2621-20
74120,2360-20
74118,2218-20
74119,2212-20
74121,2216-20
74126,2236-20
74128,2372-20
74178,2242-20
74135,2345-20
74161,2316-20
74140,2238-20
74141,2271-20
74183,2241-20
74144,2461-20
74253,2346-20
74146,2455-20
75239,2931-20
74151,2864-20
74785,2586-20
74154,2315-20
74247,2286-20
74157,2973-20
74897,2768-20
74158,2311-20
74165,2288-20
74172,2314-20
74268,2272-20
74176,2234-20
74177,2293-20
74179,2235-20
74182,2534-20
74220,2414-20
74187,2285-20
74383,2426-20
74512,2408-20
74193,2980-20
74288,2539-20
74610,2452-20
74198,2260-20
74206,2269-20
74208,2519-20
74285,2281-20
74209,2520-20
74295,2282-20
74210,2658-20
74233,2512-20
74211,2258-20
74212,2382-20
74216,2462-20
74234,2350-20
74217,2249-20
74229,2450-20
74232,2436-20
74519,2361-20
74249,2263-20
74250,2264-20
74262,2283-20
74263,2268-20
74264,2457-20
74411,2365-20
74267,2486-20
74385,2317-20
74273,2284-20
74400,2343-20
74289,2488-20
74513,2411-20
74293,2280-20
74298,2459-20
74376,2362-20
74302,2489-20
74514,2410-20
74305,2307-20
74304,2325-20
74308,2510-20
74399,2326-20
74309,2294-20
74311,2494-20
74378,2374-20
74318,2390-20
74473,2344-20
74321,2479-20
74392,2327-20
74587,2437-20
74388,2480-20
74398,2328-20
74323,2481-20
74406,2329-20
74324,2305-20
74325,2531-20
74627,2447-20
74328,2308-20
74329,2682-20
74465,2533-20
74505,2472-20
74515,2527-20
74369,2823-20
74390,2388-20
74626,2536-20
74631,2449-20
74344,2679-20
74566,2404-20
74351,2417-20
74352,2306-20
74353,2468-20
74404,2324-20
74355,2506-20
74368,2490-20
74516,2412-20
74428,2463-20
74526,2377-20
74384,2298-20
74798,2544-20
74393,2952-20
74718,2612-20
74405,2358-20
74407,2370-20
74414,2460-20
74415,2491-20
74579,2413-20
74422,2529-20
74423,2530-20
74427,2351-20
74429,2747-20
74433,2751-20
74920,2688-20
74443,2333-20
74448,2594-20
74498,2516-20
74633,2446-20
74944,2648-20
74469,2405-20
74470,2470-20
74556,2416-20
74477,2353-20
74474,2354-20
74491,2385-20
74493,2386-20
74500,2356-20
74503,2456-20
74570,2419-20
74861,2569-20
74508,2384-20
74530,2397-20
74595,2445-20
74538,2503-20
74539,2471-20
74582,2430-20
74552,2750-20
74764,2596-20
74559,2626-20
74561,2425-20
74564,2396-20
74567,2424-20
74573,2432-20
74580,2808-20
75208,2753-20
74576,2427-20
74577,2433-20
74581,2423-20
75052,2729-20
74609,2581-20
74711,2509-20
74612,2496-20
74814,2604-20
75935,3015-20
74628,2440-20
74629,2478-20
74630,2483-20
74636,2484-20
74637,2485-20
74638,2441-20
74639,2443-20
74640,2442-20
74642,2444-20
74645,2561-20
74657,2476-20
74646,2996-20
74958,2687-20
74647,2684-20
74774,2574-20
74954,2629-20
74652,2543-20
74659,2989-20
75172,2605-20
74666,2504-20
74671,2547-20
74672,2937-20
74831,2651-20
74674,2810-20
74713,2532-20
74915,2625-20
75175,2798-20
74684,2698-20
74792,2587-20
74687,2542-20
74692,2517-20
74693,2602-20
74697,2734-20
74832,2585-20
74705,2720-20
74793,2583-20
74719,2846-20
74852,2575-20
74720,2847-20
74853,2576-20
74722,2500-20
74723,2501-20
74727,2502-20
74799,2618-20
74801,2550-20
74729,2619-20
74805,2551-20
74735,2652-20
74862,2613-20
74736,2498-20
74737,2499-20
74743,2599-20
74746,2549-20
74748,2600-20
74810,2545-20
74750,2566-20
74752,2564-20
74753,2732-20
74913,2611-20
74756,2591-20
74757,2592-20
74786,2546-20
74787,2559-20
74789,2761-20
75032,2649-20
74809,2563-20
74840,2598-20
74851,2567-20
75205,2936-20
74844,2606-20
74845,2560-20
74847,2716-20
75012,2677-20
74848,2558-20
74849,2697-20
75186,2640-20
74850,2584-20
74856,2568-20
74859,2557-20
74872,2578-20
75207,2737-20
75301,2782-20
75344,2824-20
75465,2852-20
75573,2895-20
74950,2588-20
74955,2615-20
75017,2631-20
75042,2659-20
75070,2668-20
75075,2691-20
75136,2701-20
75141,2723-20
74860,2593-20
74903,2710-20
75037,2666-20
74867,2582-20
74869,2579-20
74870,2580-20
74871,2637-20
74873,2736-20
75076,2695-20
75071,2994-20
74882,2595-20
74890,2714-20
75019,3003-20
74893,2700-20
75025,2642-20
75597,3010-20
74899,2603-20
75053,2726-20
74905,2709-20
75039,2667-20
74908,2804-20
75219,2680-20
74912,2765-20
74922,2719-20
75106,2644-20
74936,2616-20
74949,2760-20
75144,2725-20
74951,2617-20
75118,2752-20
74953,2630-20
74959,2896-20
75010,2694-20
74964,2643-20
74971,2636-20
74972,2757-20
75054,2683-20
74974,2638-20
74975,2876-20
75209,277220
74977,2822-20
75438,2873-20
75261,2862-20
74988,2764-20
75142,2735-20
74993,2632-20
75135,2950-20
74998,2663-20
75168,2766-20
75838,3011-20
75006,2863-20
75121,2749-20
75008,2686-20
75009,2639-20
75011,2635-20
75014,2641-20
75016,2633-20
75026,2665-20
75027,2662-20
75028,2678-20
75029,2669-20
75031,2932-20
75040,2661-20
75041,2660-20
75045,2842-20
75048,2928-20
75055,2670-20
75061,2675-20
75064,2671-20
75065,2711-20
75067,2970-20
75192,2770-20
75069,2672-20
75072,2692-20
75078,2696-20
75081,2929-20
75189,2769-20
75898,3023-20
75223,2746-20
75090,2703-20
75092,2997-20
75183,2773-20
75108,2850-20
75307,2820-20
75110,2708-20
75111,2707-20
75113,2704-20
75114,2705-20
75277,2881-20
75263,2821-20
75126,2706-20
75127,2956-20
75260,2818-20
75131,2702-20
75133,2724-20
75146,2779-20
75147,2780-20
75559,2977-20
75157,2738-20
75158,2739-20
75165,2836-20
75298,2815-20
75166,2837-20
75299,2816-20
75167,2981-20
75233,2840-20
75169,2740-20
75176,2742-20
75462,2938-20
75193,2794-20
75199,2777-20
75200,2778-20
75201,2781-20
75495,3024-20
75225,2845-20
75431,2998-20
75234,2827-20
75272,2797-20
75270,2925-20
75596,2905-20
75243,2787-20
75244,2788-20
75249,2790-20
75264,2795-20
75266,2848-20
75294,2796-20
75273,2829-20
75278,2791-20
75463,2939-20
75289,2785-20
75292,2786-20
75296,2817-20
75391,2976-20
75812,2984-20
75317,2838-20
75324,2830-20
75325,2831-20
75326,2839-20
75327,2833-20
75509,3002-20
75329,2957-20
75445,2883-20
75330,2844-20
75335,2843-20
75813,3021-20
75342,2835-20
75343,2841-20
75439,2879-20
75440,2880-20
75743,2993-20
75894,3049-20
75358,2859-20
75366,3014-20
75443,2877-20
75441,2878-20
75442,2882-20
75376,2951-20
75377,2965-20
75378,2861-20
75560,2990-20
75561,2991-20
75401,2860-20
75406,2966-20
75581,2920-20
75433,2890-20
75450,2891-20
75455,2892-20
75456,2893-20
75457,2894-20
75464,2930-20
75475,2906-20
75554,2907-20
75641,3004-20
75755,2999-20
75504,2958-20
75562,2921-20
75707,2969-20
75829,3006-20
75528,2901-20
75529,2903-20
75530,2899-20
75531,2953-20
75582,2917-20
75532,2940-20
75537,2912-20
75863,3038-20
75552,2897-20
75553,2898-20
75558,2902-20
75564,2915-20
75565,2916-20
75570,2910-20
75571,2908-20
75572,2913-20
75574,2911-20
75673,2922-20
75680,2941-20
75816,2960-20
75827,2985-20
75936,3012-20
75941,3033-20
75583,2914-20
75671,2979-20
75672,2933-20
75785,2972-20
75768,3053-20
75632,2967-20
75635,2942-20
75636,2946-20
75644,2947-20
75645,2943-20
75646,2944-20
75654,2924-20
75744,3018-20
75772,3040-20
75771,3041-20
75666,2927-20
75667,2945-20
75681,2959-20
75700,3000-20
75906,3017-20
75765,2992-20
75769,3044-20
75943,3036-20
75781,3008-20
75794,2968-20
75799,3009-20
75803,2961-20
75805,2964-20
75806,2963-20
75807,2962-20
75820,2986-20
75821,2987-20
75822,2988-20
75947,3043-20
75948,3042-20
75940,3034-20
75890,3045-20
75930,3013-20
75946,3055-20
